<?xml version="1.0" encoding="UTF-8"?>
<configuration>

<property name="DEV_HOME" value="D:/logs/logack" />
	<appender name="STDOUT" class="ch.qos.logback.core.ConsoleAppender">
		<layout class="ch.qos.logback.classic.PatternLayout">
			<Pattern>
				 %d{dd-MM-yyyy HH:mm:ss.SSS} [%X] %-5level %logger{36} - %msg%n
				
			</Pattern>
		</layout>
	</appender>

	<appender name="FILE-AUDIT"
		class="ch.qos.logback.core.rolling.RollingFileAppender">
		<file>${DEV_HOME}/debug.log</file>
		<encoder class="ch.qos.logback.classic.encoder.PatternLayoutEncoder">
			<Pattern>
				%d{dd-MM-yyyy HH:mm:ss.SSS} [%X] %-5level %logger{36} - %msg%n
				
			</Pattern>
		</encoder>

		<rollingPolicy class="ch.qos.logback.core.rolling.TimeBasedRollingPolicy">
			<!-- rollover daily -->
			<fileNamePattern>${DEV_HOME}/debug.%d{yyyy-MM-dd}.%i.log
                        </fileNamePattern>
			<timeBasedFileNamingAndTriggeringPolicy
				class="ch.qos.logback.core.rolling.SizeAndTimeBasedFNATP">
				<maxFileSize>10MB</maxFileSize>
			</timeBasedFileNamingAndTriggeringPolicy>
		</rollingPolicy>

	</appender>

		

	<!-- Send logs to both console and file audit -->
	<logger name="com.vedika.functionall" level="debug" additivity="false">
		<appender-ref ref="STDOUT" />	
		
	</logger>

	<root level="INFO">
		
	<appender-ref ref="FILE-AUDIT" />
	<appender-ref ref="STDOUT" />

	</root>

</configuration>